question,answer,chapter,explanation
すべての生物の細胞において、細胞膜の外側には細胞壁が存在する。,×,1 共通テストの過去問,細胞壁は植物細胞や細菌などには存在するが、動物細胞には存在しないため、すべての生物の細胞に共通する特徴ではない。
すべての生物の細胞に共通する特徴として、染色体が核の内部に存在することが挙げられる。,×,1 共通テストの過去問,大腸菌などの原核生物は核膜を持たないため、染色体が核の内部には存在せず細胞質基質中にむき出しで存在する。
すべての生物の細胞は、ミトコンドリアを用いて呼吸を行う。,×,1 共通テストの過去問,大腸菌などの原核生物はミトコンドリアを持たないため、すべての生物の細胞に共通する特徴ではない。
すべての生物の細胞は、無機物のみから有機物を合成する独立栄養生物である。,×,1 共通テストの過去問,動物や多くの細菌などの従属栄養生物は、無機物から有機物を自ら合成することができない。
地球上に存在するすべての生物の細胞は、共通してRNAと酵素を持っている。,〇,1 共通テストの過去問,原核生物から真核生物にいたるまで、すべての生物の細胞は遺伝情報の仲介役となるRNAと、生体触媒である酵素を持っている。
生物の種類によらず、2本鎖DNAに含まれるシトシンの数の割合とグアニンの数の割合は等しい。,〇,1 共通テストの過去問,DNAはアデニンとチミン、グアニンとシトシンがそれぞれ相補的に結合して2本鎖を形成しているため、CとGの割合は常に等しくなる（シャルガフの規則）。
異なる生物種の間において、ゲノム内の遺伝子の数が同じであれば、そのゲノムの大きさ（総塩基対数）は必ず等しくなる。,×,1 共通テストの過去問,ゲノムの大きさには遺伝子以外の非翻訳領域（イントロンや繰り返し配列など）も含まれるため、遺伝子数が同じでもゲノム全体の大きさは生物種によって大きく異なる。
遺伝暗号において、タンパク質を構成する1つのアミノ酸に対応するDNAの塩基配列（コドン）は、必ず1種類のみに限定されている。,×,1 共通テストの過去問,ほとんどのアミノ酸には複数のコドンが対応しており（例えばロイシンやアルギニンなど）、1種類のみとは限らない。
RNAを構成する4種類の塩基は、アデニン（A）、チミン（T）、グアニン（G）、シトシン（C）である。,×,1 共通テストの過去問,RNAを構成する塩基は、チミン（T）ではなくウラシル（U）である。アデニン（A）、ウラシル（U）、グアニン（G）、シトシン（C）の4つからなる。
個々の細胞における転写では、ゲノムであるDNAの全領域の塩基配列がくまなくmRNAに写し取られる。,×,1 共通テストの過去問,細胞ごとに発現する遺伝子は決まっており、その時に必要な特定の遺伝子領域だけがmRNAに転写される。
ヒトの血糖（グルコース）が不足した状態が続くと、複数の異なるホルモンが協力して働き、血糖濃度を増加させる。,〇,1 共通テストの過去問,血糖値を上昇させるホルモンには、グルカゴン、アドレナリン、糖質コルチコイド、成長ホルモンなど、複数のホルモンが存在する。
ヒトの副腎において、外側の副腎皮質と内側の副腎髄質からは、それぞれ異なる種類のホルモンが分泌される。,〇,1 共通テストの過去問,副腎皮質からは糖質コルチコイドや鉱質コルチコイドが分泌され、副腎髄質からはアドレナリンが分泌される。
ヒトの自律神経系において、交感神経と副交感神経は、どちらも中脳や延髄からのみ出ている。,×,1 共通テストの過去問,交感神経は脊髄（胸髄・腰髄）から出ており、中脳や延髄からは出ていない。
運動時には、交感神経の働きによって心臓の拍動が促進され、全身の組織への酸素供給量が増加する。,〇,1 共通テストの過去問,活動時や運動時には交感神経が優位になり、心拍数を増加させて血液循環を活性化させる。
甲状腺から分泌されたチロキシンの濃度が上昇すると、視床下部や脳下垂体前葉に働きかけ、チロキシンの分泌を抑制するフィードバック調節が起こる。,〇,1 共通テストの過去問,ホルモンの濃度が上がるとその分泌源の上位機関を抑制する作用を「負のフィードバック」と呼ぶ。
大量の発汗によって体内の水分が失われ体液の塩類濃度が上昇すると、脳の間脳視床下部がこれを感知し、腎臓での水の再吸収を促進するホルモンが分泌される。,〇,1 共通テストの過去問,体液の浸透圧上昇は間脳（視床下部）で感知され、脳下垂体後葉からバソプレシンが分泌されて腎臓での水の再吸収を促進する。
ヒトの自然免疫において、白血球の一種である好中球は、食作用によって体内に侵入した細菌を取り込んで排除する。,〇,1 共通テストの過去問,好中球は強い食作用を持ち、異物を細胞内に取り込んで分解する自然免疫の主要な細胞である。
ヒトの自然免疫を担う白血球の一つであるマクロファージは、食作用を持たない細胞である。,×,1 共通テストの過去問,マクロファージは非常に強力な食作用を持つ大食細胞であり、体内の異物を貪食して処理する。
自然免疫による異物の排除には、免疫細胞の食作用などのほかに、特異的な抗体も主に関与している。,×,1 共通テストの過去問,抗体が関与して異物を排除するのは「獲得免疫（体液性免疫）」の働きであり、自然免疫には直接関与しない。
自然免疫は、過去にその病原体に感染した経験（免疫記憶）の有無によって、次回以降の働き方が大きく変化する。,×,1 共通テストの過去問,免疫記憶を作って2回目以降に強く素早く働くのは「獲得免疫」の特徴であり、自然免疫は過去の感染経験に関わらず常に一定の初期対応を行う。
植生遷移において、一次遷移が進行して土壌の発達が進むと、その土地に生育する植物種の数は一般に増加する。,〇,1 共通テストの過去問,遷移が進行して裸地から荒原、草原、低木林、混交林へと発達するにつれて、生育できる植物の多様性（種数）は増加する。
遷移の初期に出現する先駆植物（パイオニア植物）は、栄養分が極めて乏しい土壌に対する耐性が低い。,×,1 共通テストの過去問,先駆植物は、栄養分がほとんどない溶岩跡などの過酷な土地でも生育できる高い耐性を持っている。
植生が発達し土壌形成が進行していくと、土壌中に含まれる有機物の量は徐々に減少していく。,×,1 共通テストの過去問,植物や微生物の遺骸が蓄積していくため、遷移の進行にともない土壌中の有機物量は「増加」していく。
北海道の山に形成される森林限界の標高は、気候の温暖な本州中部の山における森林限界の標高よりも高い。,×,1 共通テストの過去問,緯度が高い（寒い）地域ほど気温が低いため、北海道のほうが本州中部よりも森林限界の標高は「低く」なる。
植物の森林限界が形成される主な環境要因の一つとして、標高の上昇に伴う気温の低下が挙げられる。,〇,1 共通テストの過去問,高地での低温や強風、積雪などが樹木の生育を妨げる主要因となり、森林限界が決定される。
地球温暖化によって地球全体の平均気温が上昇すると、山岳地域における森林限界の標高は今よりも低くなると予想される。,×,1 共通テストの過去問,気温が上昇すると、これまで寒すぎて樹木が育たなかったより高い標高まで森林が広がることができるため、森林限界の標高は「高く」なると予想される。
生物多様性の保全において、食物網の上位に位置するキーストーン種が絶滅した場合、その生態系全体へ及ぼす影響は極めて軽微である。,×,1 共通テストの過去問,キーストーン種は、生態系のバランスを保つ上で決定的な役割を果たしているため、その絶滅は生態系全体の崩壊や多様性の著しい低下を招く。
繊毛細胞は同化と異化を行うが、細菌は異化のみを行う。,×,1 共通テストの過去問,すべての生物（繊毛細胞も細菌などの原核生物も含む）は、生命活動を維持するために同化（物質の合成）と異化（物質の分解・呼吸など）の両方を行う。
繊毛細胞も細菌も、核の中に遺伝子の本体であるDNAを含む。,×,1 共通テストの過去問,真核細胞である繊毛細胞は核の中にDNAを持つが、原核生物である細菌は核（膜）を持たず、細胞質基質中にDNAが存在する。
葉緑体は、繊毛細胞には存在しないが、細菌には存在する。,×,1 共通テストの過去問,葉緑体は植物細胞などに存在する細胞小器官であり、動物細胞である繊毛細胞にも、原核生物である一般的な細菌（シアノバクテリア等の一部の光合成細菌を除く）にも通常は存在しない。
ミトコンドリアは、繊毛細胞には存在するが、細菌には存在しない。,〇,1 共通テストの過去問,ミトコンドリアは真核細胞（繊毛細胞など）に存在する細胞小器官である。原核生物である細菌はミトコンドリアなどの膜構造を持った細胞小器官を持たない。
自律神経系の働きは、呼吸数や心拍の調節のように、すべて意識的に（必要に応じて息を止めるなどのように）完全にコントロールすることができる。,×,1 共通テストの過去問,自律神経系（交感神経・副交感神経）による心拍数や多くの体内調節は、大脳の意識的な支配をほとんど受けず、無意識的・自動的に行われる。
体温が上がると、副腎髄質から自律神経系を通じて信号が心臓に伝わり、心拍数が増える。,×,1 共通テストの過去問,心拍数の調節などの信号は、脳（延髄）から直接、自律神経系（交感神経など）を介して心臓のペースメーカーに伝達される。副腎髄質から自律神経系を介して心臓に信号が送られるわけではない（内分泌系としては副腎髄質からアドレナリンが直接血液中に分泌されて心拍を増加させる）。
脳幹（中枢神経系）の一部である「延髄」は、自律神経系を通じて心拍や呼吸の調節に関わる。,〇,1 共通テストの過去問,延髄は呼吸運動や心臓の拍動、唾液分泌などの生命維持に直結する自律神経機能の調節中枢である。
心拍の調節には内分泌系と自律神経系がともに関与しているが、内分泌系による調節のほうが自律神経系よりも迅速に伝達される。,×,1 共通テストの過去問,神経（自律神経系）による信号伝達は、血液を介してホルモンを運ぶ内分泌系による調節に比べて、極めて迅速（秒単位以下）に行われる。
キラーT細胞は、同じT細胞の仲間であるヘルパーT細胞を直接活性化する役割を持つ。,×,1 共通テストの過去問,役割が逆である。病原体などの抗原認識情報を受け取った「ヘルパーT細胞」が、キラーT細胞やB細胞を活性化する。
キラーT細胞は、ウイルスなどの病原体に感染した自己の細胞や、がん細胞などを直接攻撃して排除する。,〇,1 共通テストの過去問,キラーT細胞は細胞性免疫において中心的な役割を果たし、抗原が提示された感染細胞を特異的に破壊する。
ヘルパーT細胞は、好中球やマクロファージのように、自身で活発な食作用を行うことで体内に侵入した病原体を直接排除する。,×,1 共通テストの過去問,ヘルパーT細胞は食作用を持たない。食作用を担うのは樹状細胞、マクロファージ、好中球などの自然免疫系細胞である。
ヘルパーT細胞は、B細胞を活性化して抗体の産生を促すが、自分自身で抗体を直接産生・分泌することはない。,〇,1 共通テストの過去問,抗体を直接産生・分泌するのは、活性化されたB細胞が分化した「形質細胞（抗体産生細胞）」であり、ヘルパーT細胞ではない。
海洋生態系において最上位の栄養段階に属する動物（マッコウクジラなど）は、一般に食物連鎖の下位にあるプランクトンや小魚などの動物と比べて、生態系における個体数が極めて少ない。,〇,1 共通テストの過去問,栄養段階が上がるにつれて、利用可能なエネルギー量が減衰していくため、上位の消費者ほど個体数（生物量）は少なくなる。
死体（遺体）を土中に埋めたとき、その死体に含まれていた有機物の化学エネルギーは、分解者などの他生物の生命活動や代謝に一切取り込まれない。,×,1 共通テストの過去問,土中に埋められた死体は細菌や菌類、その他の土壌生物によって分解（呼吸）され、有機物内の化学エネルギーはそれらの生物の生命活動や熱エネルギーとして利用・放出される。
日本国内の植生において、針葉樹林（亜高山帯の植生）は、中部地方から東北地方の亜高山帯に分布するほか、北海道地方では標高の低い低地（平地）でも優占する。,〇,1 共通テストの過去問,寒冷な針葉樹林（エゾマツ・トドマツなど）は、本州中部などでは高標高の亜高山帯に現れるが、緯度の高い北海道（特に北東部）では平地（低地）から広く優占する。
日本の代表的なバイオームである照葉樹林は、九州地方から関西地方（西日本）にかけての丘陵帯で優占するが、関東地方には一切分布しない。,×,1 共通テストの過去問,関東地方の平野部や丘陵帯（低地）も温暖なため、本来の自然植生はタブノキ、カシ類、シイ類などを代表とする「照葉樹林」が広く分布・優占する。
原核細胞と真核細胞に共通する特徴として、細胞内での化学エネルギーの受け渡しにATPを利用することが挙げられる。,〇,1 共通テストの過去問,すべての生物（原核生物・真核生物）は、細胞内でのエネルギーのやりとりに共通してATP（アデノシン三リン酸）を利用します。
原核細胞と真核細胞に共通する特徴として、細胞内で酵素反応が行われていることが挙げられる。,〇,1 共通テストの過去問,すべての生物は、生体内での化学反応（代謝）を促進するために、細胞内でさまざまな酵素を働かせています。
原核細胞と真核細胞に共通する特徴として、物質を分解してエネルギーを取り出す「異化」の仕組みを持つことが挙げられる。,〇,1 共通テストの過去問,生命活動に必要なエネルギーを得るため、すべての生物は物質を分解してエネルギーを取り出す「異化（呼吸など）」の仕組みを持っています。
原核細胞と真核細胞に共通する特徴として、物質は細胞膜を介して出入りすることが挙げられる。,〇,1 共通テストの過去問,すべての細胞は細胞膜に包まれており、細胞内外への物質の出入りは細胞膜を介して行われます。
原核細胞と真核細胞に共通する特徴として、ミトコンドリアや葉緑体を持つことが挙げられる。,×,1 共通テストの過去問,ミトコンドリアや葉緑体は「真核細胞」に特有の細胞小器官です。大腸菌などの原核細胞はこれらを持たないため、共通する特徴としては誤りです。
ゲノムのDNAに含まれる塩基のうち、アデニンの数とグアニンの数は常に等しい。,×,1 共通テストの過去問,シャルガフの規則により、等しいのは「アデニン（A）とチミン（T）の数」、および「グアニン（G）とシトシン（C）の数」です。アデニンとグアニンの数が等しいとは限りません。
ゲノムのDNAには、RNAに転写されず、タンパク質に翻訳もされない領域が存在する。,〇,1 共通テストの過去問,ゲノムDNAの中には、タンパク質の情報を持たない非翻訳領域や、遺伝子として働かない領域が多数存在しています。
同一個体における皮膚の細胞とすい臓の細胞とでは、中に含まれるゲノムの情報が異なる。,×,1 共通テストの過去問,同一の個体であれば、すべての体細胞はもともと1つの受精卵が体細胞分裂を繰り返してできたものなので、保持しているゲノム情報は基本的にすべて同じです。
単細胞生物が分裂により2個体になったとき、それぞれの個体に含まれる遺伝子の種類は互いに異なる。,×,1 共通テストの過去問,分裂（無性生殖）の際には、元の細胞のDNAが正確に複製されて均等に分配されるため、2つの個体が持つ遺伝子の種類は基本的に同じになります。
細胞が持つ遺伝子は、卵と精子が形成されるときに種類が半分になり、受精によって再び全種類がそろう。,×,1 共通テストの過去問,減数分裂によって卵や精子がつくられるとき、ゲノムの「量（染色体数）」は半分になりますが、遺伝子の「種類」が半分になるわけではありません。
血液の成分は、有形成分である血球と、液体成分である血清とからなる。,×,1 共通テストの過去問,血液は、有形成分である「血球」と、液体成分である「血漿（けっしょう）」から構成されています。血清は、血液を放置して凝固させたときに得られる上澄み液のことです。
赤血球、白血球、および血小板のうち、ヒトの血液中で最も数が多いのは血小板である。,×,1 共通テストの過去問,ヒトの血液中で最も数が多いのは「赤血球」です。
血液の液体成分に溶けている物質のうち、質量として最も多くを占めるものは無機塩類である。,×,1 共通テストの過去問,血液の液体成分（血漿）に溶けている物質のうち、最も多くを占めるのは「タンパク質（約7〜8%）」です。無機塩類が占める割合は1%未満です。
血液による酸素の運搬は、主に赤血球に含まれるヘモグロビンによって行われる。,〇,1 共通テストの過去問,酸素は主に、赤血球中にあるヘモグロビンと結合して全身の組織へと運ばれます。
白血球は、生体の免疫を担うとともに、体内の老廃物の運搬も行う。,×,1 共通テストの過去問,白血球は免疫（生体防御）を担いますが、老廃物の運搬を行うのは血液の液体成分である血漿です。
皮膚と血管が傷ついた直後に、傷口付近で起こる病原体に対する防御反応として、集まってきた血小板が病原体を体内に取り込んで処理する。,×,1 共通テストの過去問,血小板の主な働きは「血液凝固（止血）」であり、病原体を取り込んで処理する食作用は持っていません。
皮膚と血管が傷ついた直後に、傷口付近で起こる病原体に対する防御反応として、傷口を塞ぐために角質層がその場で新しく形成される。,×,1 共通テストの過去問,角質層は皮膚の最外層を覆う死んだ細胞の層であり、傷口ができた直後にその場で新しく形成されて物理的障壁となるわけではありません。
皮膚と血管が傷ついた直後に、傷口付近で起こる病原体に対する防御反応として、マクロファージが傷口付近で病原体を取り込む。,〇,1 共通テストの過去問,傷口から病原体が侵入すると、自然免疫（非特異的な生体防御）として、マクロファージなどの食細胞が迅速に集まり、食作用によって病原体を取り込みます。
皮膚と血管が傷ついた直後に、傷口付近で起こる病原体に対する防御反応として、ナチュラルキラー（NK）細胞が傷口から侵入した細菌などの病原体を直接攻撃して破壊する。,×,1 共通テストの過去問,NK細胞は、病原体に「感染した自己の細胞」や「がん細胞」を攻撃する細胞であり、侵入した細菌などの病原体を直接攻撃して排除するわけではありません。
皮膚と血管が傷ついた直後に、傷口付近で起こる病原体に対する防御反応として、抗体産生細胞（形質細胞）が傷口の組織に集まって多量の抗体を放出する。,×,1 共通テストの過去問,抗体産生細胞が活性化して抗体を放出する「適応免疫（獲得免疫）」が働くには数日から数週間かかるため、「傷ついた直後」の初期の防御反応としては不適当です。
ある外来の水生植物が繁茂した池において、その植物を完全に根絶することが難しい場合、定期的に除去して低密度に維持することは生態系保全に有効な手段である。,〇,1 共通テストの過去問,完全な根絶（駆除）が技術的・資金的に困難な場合でも、定期的な防除によって影響の出ない「低密度」に抑えて管理することは極めて現実的で有効な手段です。
家畜は、一度自然の生態系に放たれて野生化し外来生物になっても、いずれ自然に死滅するため、人間の管理下に戻す必要はない。,×,1 共通テストの過去問,野生化した家畜（ヤギやブタなど）は強い繁殖力を持ち、在来の植生や生態系を著しく破壊することが多いため、速やかに捕獲や排除を行う必要があります。
外来の動物が増えたことで崩れた生態系のバランスを回復させるために、さらに別の種の動物を新たに導入し、食物をめぐって競合させることが有効である。,×,1 共通テストの過去問,生態系のバランスを回復させる目的で新たな外来種を導入することは、予期せぬ二次被害やさらなる生態系破壊を引き起こす危険性が極めて高いため避けるべきです。
新たに見つかった外来生物を根絶する場合には、見つかった直後に駆除するよりも、ある程度増殖するのを待ってからまとめて駆除するほうが効率がよい。,×,1 共通テストの過去問,外来生物対策において、最も防除コストが低く効果が高いのは「侵入初期（低密度時）の早期発見・即時駆除」です。増殖・拡散した後に根絶することは極めて困難になります。
原核細胞と真核細胞に共通する特徴として、どちらの細胞にも遺伝情報を保持する核酸（DNAやRNA）が存在し、それらを構成する塩基の種類も共通している。,〇,1 共通テストの過去問,原核細胞と真核細胞のどちらにも遺伝物質として核酸（DNAやRNA）が存在します。また、核酸を構成する塩基の種類（DNAにおけるA・T・G・C、RNAにおけるA・U・G・C）も共通しています。
原核細胞には代謝を促すための酵素が存在しないが、真核細胞には酵素が存在するため、真核細胞の方が代謝が速く進む。,×,1 共通テストの過去問,原核細胞（大腸菌や乳酸菌など）にも、生命活動を行うために不可欠な多数の酵素が存在しています。したがって、原核細胞に酵素が存在しないとする記述は誤りです。
原核細胞には、ATP合成の場であるミトコンドリアは存在しないが、細胞質などで生命活動に必要なATPを合成することができる。,〇,1 共通テストの過去問,ミトコンドリアは真核細胞に特有の細胞小器官であり、原核細胞には存在しません。しかし、原核細胞はミトコンドリアを持たなくても、細胞膜や細胞質基質においてATPを合成することができます。
原核細胞と真核細胞のどちらにおいても、すべての細胞は肉眼で観察することができず、観察には必ず顕微鏡が必要である。,×,1 共通テストの過去問,一般に細胞は微小ですが、真核細胞である「鳥類の卵（黄身部分）」や、単細胞の原核生物でも一部の巨大な細菌など、肉眼で観察できる例外が存在するため、すべての細胞が肉眼で観察できないとする記述は誤りです。
呼吸は、真核細胞の多くが行う生命活動であり、原核細胞は呼吸（酸素を用いた有機物の分解によるエネルギー獲得）を行うことができない。,×,1 共通テストの過去問,原核生物の中にも、酸素を用いて有機物を分解しATPを合成する「好気性細菌（酢酸菌や硝化菌など）」のように、呼吸を行う生物が多数存在します。
ヒトの体細胞において、体細胞分裂の分裂終了直後（G1期）には、DNAの複製に関わるタンパク質Yはまだ発現しておらず、タンパク質Xのみが発現している。,〇,1 共通テストの過去問,問題文の条件より、タンパク質Xは「分裂終了直後に発現を開始し、DNAの複製（S期）中に減少」し、タンパク質Yは「DNAの複製（S期）が始まると発現を開始」します。したがって、分裂終了直後であるG1期の細胞では、タンパク質Xのみが発現し、Yは発現していません。
自然免疫において重要な役割を果たすナチュラルキラー（NK）細胞は、ウイルスに感染した細胞を、食作用によって直接取り込んで分解することで排除する。,×,1 共通テストの過去問,ナチュラルキラー（NK）細胞は、ウイルス感染細胞やがん細胞を攻撃して破壊（アポトーシスなどを誘導）しますが、マクロファージや好中球のような「食作用（病原体を取り込んで分解する作用）」は持っていません。
涙やだ液に含まれる酵素であるリゾチームは、侵入してきた細菌の細胞壁を化学的に分解する働きを持つ。,〇,1 共通テストの過去問,リゾチームは、細菌の細胞壁（ペプチドグリカン層）を分解する酵素であり、自然免疫における化学的防御として機能します。
皮膚の最外層を覆う角質層や、気管の表面を覆う粘液は、ウイルスや細菌などの病原体が体内に侵入するのを防ぐ物理的・化学的障壁となる。,〇,1 共通テストの過去問,皮膚の角質層は物理的に病原体の侵入を防ぎ、気管の粘液は異物を絡め取ることで体内への侵入を防ぐ、重要な物理的防御（自然免疫）です。
汗腺から分泌される汗には、皮膚表面のpHを弱酸性に保つことで、病原菌などの微生物の繁殖を抑制する化学的防御の役割がある。,〇,1 共通テストの過去問,汗（乳酸やアミノ酸などを含む）や皮脂が混ざり合うことで、皮膚の表面はpH5〜6の弱酸性に保たれ、病原体となる細菌などの繁殖が抑えられています。
無毒化したウイルス（ワクチン）をマウスに注射した際、免疫反応が起こる過程において、リンパ節における樹状細胞とヘルパーT細胞の接触は重要な役割を果たす。,〇,1 共通テストの過去問,獲得免疫（適応免疫）の初期段階において、侵入した抗原を樹状細胞などの抗原提示細胞が取り込み、二次リンパ器官（リンパ節など）へ移動してヘルパーT細胞に抗原提示（接触）を行うプロセスは極めて重要です。
好気的な（酸素が十分にある）水槽の生態系において、余分になった窒素（N）を取り除くためには、大きく成長して生い茂った水草を定期的に切り取って水槽外に回収することが有効である。,〇,1 共通テストの過去問,水草は、硝化細菌によって生成された無機窒素化合物（アンモニウムイオンや硝酸イオン）を取り込んで成長します。そのため、窒素を取り込んだ水草を水槽外に切り取って取り除くことで、水槽内の窒素総量を効果的に減少させることができます。
光合成を行う水草などの植物は、光エネルギーを化学エネルギーに変換し、合成した有機物（同化産物）の中に蓄える。,〇,1 共通テストの過去問,光合成は、太陽の光エネルギーを利用して無機物（二酸化炭素と水）から有機物を合成する「同化」の過程であり、光エネルギーは有機物（グルコースなど）の結合を構成する化学エネルギーへと変換されます。
生物体内における物質の同化の例として、エネルギーを用いてグルコース（単糖）からグリコーゲン（多糖）を合成する過程や、ADPとリン酸からATPを合成する過程が挙げられる。,〇,1 共通テストの過去問,簡単な物質から複雑な物質を合成し、エネルギーを蓄える反応を「同化」と呼びます。単糖から多糖を合成する反応や、エネルギーを用いてADPにリン酸を結合させてATPを合成する反応は、どちらも同化に相当します。
水槽のろ過装置内に生息する硝化菌（硝化細菌）は、魚の排泄物や餌の分解によって生じる有害なアンモニウムイオンを、まず窒素分子へと変換し、その後に硝酸イオンへと変換する。,×,1 共通テストの過去問,硝化菌（亜硝酸菌や硝酸菌）の働きによる硝化のプロセスは、アンモニウムイオン（$NH_4^+$） → 亜硝酸イオン（$NO_2^-$） → 硝酸イオン（$NO_3^-$）への酸化過程です。この途中で「窒素分子（$N_2$）」が生成される（脱窒が起こる）ことはありません。
ホタルの発光器に存在する酵素ルシフェラーゼはタンパク質を主成分とする触媒であり、細胞外に取り出しても適切な基質や温度などの条件下であれば作用を発揮する。,〇,1 共通テストの過去問,酵素の主成分はタンパク質であり、化学反応を促進する生体触媒です[cite: 9]。酵素は細胞内で合成されますが、細胞外に取り出しても適切な条件下であれば触媒としての働き（活性）を失いません[cite: 9]。
DNAとRNAの両方に結合して量に比例した光を発する試薬Yを用いた実験において、抽出液にDNA分解酵素をあらかじめ作用させてから試薬Yを加えると、酵素を加えない場合（実験I）に比べて発せられる光は弱くなる。,〇,1 共通テストの過去問,抽出された白い繊維状の物質にはDNAとRNAの両方が含まれています[cite: 9]。DNA分解酵素を作用させるとDNAのみが分解され、試薬Yが結合できる核酸の総量が減るため、発せられる光は実験Iより弱くなります[cite: 9]。
移植片に対する拒絶反応において、初めて他者の皮膚を移植したとき（約10日後に脱落）に比べ、数日後同じ他者の皮膚を再び移植したとき（5〜6日後に脱落）の方が早く脱落するのは、獲得免疫における免疫記憶の働きによるものである。,〇,1 共通テストの過去問,初めて移植された非自己の組織に対しては拒絶反応の完了に約10日かかりますが、免疫記憶（記憶細胞の形成）が成立しているため、2度目に同じ非自己の組織が移植されたときにはより迅速かつ強い拒絶反応が起こり、より短い日数（5〜6日）で脱落します[cite: 9]。
致死性の毒素を注射したマウスに対し、その直後に毒素を無毒化する抗体を注射して生存させる治療法は、あらかじめ抗原（ワクチン）を接種して体内に免疫記憶を作らせておく予防接種の原理に基づいている。,×,1 共通テストの過去問,あらかじめ他者や他生物で作らせた抗体（血清）を注射して毒素を直接無毒化する治療は、「血清療法」の原理に基づいています[cite: 9]。自身の免疫記憶を呼び起こす予防接種（ワクチン接種）の原理とは異なります[cite: 9]。
下水処理場において、生活排水などに含まれる有機窒素（下水中の窒素）を取り除く生物学的処理プロセスでは、一般に「窒素固定」の後に「無機窒素化合物の同化」を行うことで気体の窒素を回収している。,×,1 共通テストの過去問,下水処理における脱窒プロセスは、有機窒素化合物が分解されて生じたアンモニウムイオンなどの「無機窒素化合物の生成」の段階を経て、微生物の働きによって窒素ガス（$N_2$）へと還元して大気中に放出する「脱窒」の順序で行われます[cite: 9]。大気中の窒素を取り込む「窒素固定」を行うわけではありません[cite: 9]。
人間活動（伐採や除草剤散布）によって森林の植生の大部分が一時的に消失すると、植物による無機窒素化合物の吸収（同化）が損なわれるため、一時的にそこから流れ出す河川水の窒素濃度は上昇し、植生の回復に伴って再び低下して元の水準へと戻る。,〇,1 共通テストの過去問,森林の植生が失われると、土壌中のアンモニウムイオンや硝酸イオンなどの窒素化合物が植物に吸収されなくなるため、雨水などによって河川へ大量に流出し、河川水の窒素濃度が一時的に上昇します[cite: 9]。その後、植生が回復して再び窒素を吸収し始めると、河川水の窒素濃度は低下して元に戻ります[cite: 9]。
真核生物の細胞において、核にはDNAとタンパク質を主な構成成分とする染色体が含まれる。,〇,1 共通テストの過去問,染色体は、主にDNAとタンパク質（ヒストンなど）から構成されている。
真核生物の細胞において、ミトコンドリアで行われる呼吸では、酸素を用いて有機物を分解する過程で最終的に水がつくられる。,〇,1 共通テストの過去問,呼吸の最終電子受容体として酸素が使われ、水素と結合して水が生成される。
ミトコンドリアは細胞核のゲノムにすべての情報が依存しているため、核とは異なる独自のDNAはもたない。,×,1 共通テストの過去問,ミトコンドリアや葉緑体は、かつて好気性細菌やシアノバクテリアが細胞内に共生した名残（共生説）であり、核とは異なる独自のDNAをもっている。
真核生物の細胞において、ATPが合成される細胞小器官には、葉緑体やミトコンドリアがある。,〇,1 共通テストの過去問,ミトコンドリアでは呼吸によって、葉緑体では光合成（光化学反応）の過程で、それぞれATPが合成される。
植物細胞の葉緑体に含まれる主な光合成色素は、アントシアン（アントシアニン）である。,×,1 共通テストの過去問,葉緑体に含まれる主な色素はクロロフィル（葉緑素）やカロテノイドなどである。アントシアンは液胞に含まれる色素であり、光合成色素ではない。
ヒトなどの動物細胞の構成成分を分析すると、質量比で最も多いのが水であり、その次に多く含まれる成分は炭水化物である。,×,1 共通テストの過去問,動物細胞の構成成分で最も多いのは水（約70%）であり、2番目に多いのはタンパク質（約15%）である。炭水化物が2番目に多くなるのは植物細胞である。
遺伝情報はDNAからRNA、そしてタンパク質へと一方向に流れていくという考え方を、セントラルドグマという。,〇,1 共通テストの過去問,DNAからRNAへ情報が伝わる「転写」、RNAからタンパク質へ情報が伝わる「翻訳」という一方向の基本原則をセントラルドグマと呼ぶ。
遺伝情報を担うDNAの二重らせんの片方の鎖の塩基配列が「ATGTA」であるとき、これと相補的に結合するDNAの塩基配列は「UACAU」である。,×,1 共通テストの過去問,DNAの塩基の対合規則は A-T、G-C であるため、相補的なDNAの配列は「TACAT」となる。「U（ウラシル）」はRNAにのみ含まれる塩基である。
遺伝情報を担うDNAの二重らせんの片方の鎖の塩基配列が「ATGTA」であるとき、これと相補的に結合する（転写される）RNAの塩基配列は「UACAU」である。,〇,1 共通テストの過去問,RNAに転写される際の塩基の対合規則は、DNAの A に対して U、T に対して A、G に対して C、C に対して G となる。よって「ATGTA」に対するRNAは「UACAU」となる。
肺炎双球菌を用いたグリフィスの実験において、非病原性のR型菌と加熱殺菌した病原性のS型菌を混ぜてネズミに注射したところ、ネズミは発症し、体内から生きたS型菌が見つかった。,〇,1 共通テストの過去問,死滅したS型菌のDNAがR型菌に取り込まれて形質が変化したため、病原性をもつ生きたS型菌が出現した。
死滅した菌の物質によって、生きた別の菌の遺伝的な性質や特徴が変化する現象を「分化」という。,×,1 共通テストの過去問,外部からのDNAなどの遺伝物質によって細胞の遺伝形質が変化する現象は「形質転換」と呼ばれる。「分化」は細胞が特定の構造や機能を持つように変化することを指す。
エイブリーらの実験において、S型菌の抽出液からDNAを分解したものをR型菌に混ぜて培養した実験では、生きたS型菌への形質転換が確認された。,×,1 共通テストの過去問,形質転換を引き起こす原因物質はDNAであるため、DNAを分解した抽出液を用いた実験では形質転換が起こらず、生きたS型菌は出現しない。タンパク質を分解した抽出液では形質転換が起こる。
淡水魚の体液の塩類濃度は、自身が排出する尿の塩類濃度よりも高くなっている。,〇,1 共通テストの過去問,淡水魚は体液よりも塩類濃度の低い（きわめて薄い）多量の尿を排出することで、体内の必要な塩類を失わないように調節している。
海水魚の体液の塩類濃度は、自身が排出する尿の塩類濃度とほぼ等しい。,〇,1 共通テストの過去問,海水魚は海水を取り込んで体液とほぼ等張、または少し高い濃度の少量の尿を排出して体内の水分を維持している。
硬骨魚類の鰓にある塩類細胞は、能動輸送により塩類を輸送するために、ATPを合成するミトコンドリアを多く含んでいる。,〇,1 共通テストの過去問,濃度勾配に逆らって塩類を能動輸送するために、エネルギー源となるATPを大量に供給するミトコンドリアが発達している。
サケが幼魚から成魚に成長し、生息環境を川から海へ変える際に起こる塩類細胞の変化には、脳下垂体から放出される成長ホルモンが関わっている。,〇,1 共通テストの過去問,成長に伴い、脳下垂体から成長ホルモンが分泌されることで、鰓の塩類細胞が淡水型から海水型へと変化し、海水適応が可能となる。
獲得免疫において、体内に侵入した抗原を最初に取り込んで分解（抗原提示）する免疫細胞Pは、B細胞である。,×,1 共通テストの過去問,抗原を取り込んで分解し、情報を提示する細胞（免疫細胞P）は樹状細胞やマクロファージである。B細胞は抗体を産生する細胞である。
細胞性免疫において、ヘルパーT細胞は感染細胞を直接破壊して排除する。,×,1 共通テストの過去問,感染細胞を直接排除するのはキラーT細胞である。ヘルパーT細胞は、他の免疫細胞（マクロファージやB細胞など）を活性化・刺激する役割を担う。
免疫細胞のうち、樹状細胞、ヘルパーT細胞、キラーT細胞はいずれも、再び同じ抗原が侵入したときに備えて一部が記憶細胞となる。,×,1 共通テストの過去問,免疫記憶をもつ記憶細胞（メモリー細胞）になるのは、ヘルパーT細胞やキラーT細胞、B細胞などのリンパ球である。自然免疫で働く樹状細胞は記憶細胞にはならない。
抗体を産生するB細胞が抗体産生細胞へと効果的に分化するためには、抗原の存在だけでなく、B細胞以外のリンパ球（ヘルパーT細胞など）の作用が必要である。,〇,1 共通テストの過去問,B細胞のみと抗原だけでは抗体産生細胞への分化はわずかだが、T細胞などを含むリンパ球全体が存在することで分化が著しく促進される。
温帯の草原バイオームであるステップにおける代表的な生産者は、イネのなかまである。,〇,1 共通テストの過去問,ステップは乾燥によって森林が育たない温帯の草原であり、イネ科の草本植物が主に優占している。
地中海沿岸などに見られる硬葉樹林バイオームの代表的な優占種は、オリーブである。,〇,1 共通テストの過去問,硬葉樹林は、夏の乾燥に耐えるためにクチクラ層の発達した硬い常緑広葉樹（オリーブやコルクガシなど）が代表的な生産者となる。
熱帯・亜熱帯の乾季のある地域に見られる雨緑樹林バイオームの代表的な生産者は、チークである。,〇,1 共通テストの過去問,雨緑樹林は、雨季に葉を茂らせ乾季に落葉する落葉広葉樹林であり、チークがその代表例である。
生態系を循環する物質の経路において、一次消費者が呼吸によって放出した二酸化炭素の一部は、大気中から分解者へと直接移動する。,×,1 共通テストの過去問,一次消費者の呼吸によって放出された二酸化炭素は、一度大気中に戻り、そこから生産者（植物など）の光合成によって再び有機物として生態系に取り込まれる。
生態系内を流れる光エネルギーや化学エネルギーなどのエネルギーは、最終的には熱エネルギーとなって生態系外へと放出され、再利用されることはない。,〇,1 共通テストの過去問,エネルギーは物質とは異なり生態系内を循環しない。各栄養段階での代謝に伴い一部が熱エネルギーとして失われ、最終的に地球外（宇宙空間）へと放出される。
地球温暖化を引き起こす主要な温室効果ガスとしては、二酸化炭素のほかにメタンやフロンなどが挙げられる。,〇,1 共通テストの過去問,二酸化炭素、メタン、フロン（代替フロン含む）、一酸化二窒素、水蒸気などは、赤外線を吸収して地球を温める温室効果ガスである。